CODIGO_CLIENTE,DIA_VENCIMENTO_FATURA,ESTADO_CIVIL,DATA_NASCIMENTO,DATA_ATIVACAO_LINHA,MEDIA_FATURA,VALOR_PLANO,SEXO,IDADE,FAIXA_ETARIA,TEMPO_RELACIONAMENTO_MESES,FAIXA_RELACIONAMENTO,REGIAO,UF,QUANTIDADE_LIGACAO,STATUS_VENDA
1148920370,17,NAO INFORMADO,1986-06-30,2018-03-29,49.99,49.99,F,32,3. 30 - 39,13,3. De 7 à 12 meses,SUDESTE,MG,15,1
1150458364,21,NAO INFORMADO,1999-09-14,2018-04-11,64.99,64.99,M,19,1. 18 - 24,12,3. De 7 à 12 meses,NORTE,AM,28,1
1148677244,17,NAO INFORMADO,1999-01-15,2018-03-27,64.99,64.99,M,20,1. 18 - 24,13,3. De 7 à 12 meses,CENTRO_OESTE,MT,10,0
1155509866,21,NAO INFORMADO,1981-07-03,2018-05-22,35.99,35.99,M,37,3. 30 - 39,11,3. De 7 à 12 meses,NORTE,AM,27,1
1149453439,26,NAO INFORMADO,1998-01-02,2018-04-03,35.99,35.99,M,21,1. 18 - 24,12,3. De 7 à 12 meses,NORTE,PA,11,1
1148417249,6,NAO INFORMADO,1988-08-14,2018-03-24,35.99,35.99,M,30,3. 30 - 39,13,3. De 7 à 12 meses,NORDESTE,BA,23,1
1154275495,1,NAO INFORMADO,1979-08-12,2018-05-11,35.99,35.99,M,39,4. 40 - 49,11,3. De 7 à 12 meses,NORTE,RO,11,1
1147873453,17,NAO INFORMADO,1964-04-28,2018-03-20,35.99,35.99,F,54,5. 50 - 59,13,3. De 7 à 12 meses,SUDESTE,RJ,3,1
1153052953,26,NAO INFORMADO,1976-06-03,2018-05-03,35.99,35.99,M,42,4. 40 - 49,11,3. De 7 à 12 meses,CENTRO_OESTE,MS,13,1
1153945458,26,NAO INFORMADO,1958-04-11,2018-05-09,35.99,35.99,F,61,6. 60 - 69,11,3. De 7 à 12 meses,CENTRO_OESTE,MS,21,1
1153941422,21,NAO INFORMADO,1994-10-07,2018-05-09,64.99,64.99,M,24,2. 25 - 29,11,3. De 7 à 12 meses,NORTE,AM,15,1
1148630221,6,NAO INFORMADO,1965-10-01,2018-03-26,49.99,49.99,M,53,5. 50 - 59,13,3. De 7 à 12 meses,NORDESTE,SE,32,0
1148407376,6,NAO INFORMADO,1975-11-30,2018-03-24,49.99,49.99,M,43,4. 40 - 49,13,3. De 7 à 12 meses,SUDESTE,RJ,1,0
1147448337,26,NAO INFORMADO,1970-10-22,2018-03-15,35.99,35.99,F,48,4. 40 - 49,13,3. De 7 à 12 meses,NORDESTE,BA,2,0
1148175084,26,NAO INFORMADO,1958-03-10,2018-03-22,49.99,49.99,F,61,6. 60 - 69,13,3. De 7 à 12 meses,NORDESTE,BA,2,0
1154390358,21,NAO INFORMADO,1961-08-17,2018-05-12,49.99,49.99,M,57,5. 50 - 59,11,3. De 7 à 12 meses,NORTE,PA,7,1
1147562933,26,NAO INFORMADO,1974-04-15,2018-03-16,46.99,46.99,M,44,4. 40 - 49,13,3. De 7 à 12 meses,SUDESTE,MG,19,0
1148258725,6,NAO INFORMADO,1961-05-20,2018-03-23,49.99,49.99,M,57,5. 50 - 59,13,3. De 7 à 12 meses,SUDESTE,RJ,8,1
1148924590,17,NAO INFORMADO,1977-01-19,2018-03-29,49.99,49.99,M,42,4. 40 - 49,13,3. De 7 à 12 meses,SUDESTE,MG,36,1
1151754784,6,NAO INFORMADO,1992-09-03,2018-04-23,49.99,49.99,M,26,2. 25 - 29,12,3. De 7 à 12 meses,NORDESTE,MA,22,0
1157666090,6,NAO INFORMADO,1951-12-31,2018-06-11,34.99,34.99,M,67,6. 60 - 69,10,3. De 7 à 12 meses,NORDESTE,MA,7,1
1149185928,17,NAO INFORMADO,1980-12-18,2018-03-31,35.99,35.99,F,38,3. 30 - 39,13,3. De 7 à 12 meses,SUDESTE,SP,14,0
1153335556,17,NAO INFORMADO,1997-07-20,2018-05-05,64.99,64.99,M,21,1. 18 - 24,11,3. De 7 à 12 meses,CENTRO_OESTE,MT,11,1
1148767094,17,NAO INFORMADO,1966-02-09,2018-03-28,49.99,49.99,M,53,5. 50 - 59,13,3. De 7 à 12 meses,NORDESTE,PE,5,1
1153431637,21,NAO INFORMADO,1970-01-24,2018-05-07,49.99,49.99,M,49,4. 40 - 49,11,3. De 7 à 12 meses,CENTRO_OESTE,GO,1,0
1148925581,1,NAO INFORMADO,1982-02-01,2018-03-29,35.99,35.99,M,37,3. 30 - 39,13,3. De 7 à 12 meses,SUDESTE,RJ,11,0
1157454921,17,NAO INFORMADO,1962-06-23,2018-06-09,34.99,34.99,F,56,5. 50 - 59,10,3. De 7 à 12 meses,NORTE,AP,37,1
1148605764,6,NAO INFORMADO,1970-01-13,2018-03-26,35.99,35.99,M,49,4. 40 - 49,13,3. De 7 à 12 meses,SUDESTE,RJ,3,1
1151756779,6,NAO INFORMADO,1974-05-21,2018-04-23,35.99,35.99,M,44,4. 40 - 49,12,3. De 7 à 12 meses,NORTE,AM,33,0
1154858402,26,NAO INFORMADO,1990-08-14,2018-05-16,49.99,49.99,M,28,2. 25 - 29,11,3. De 7 à 12 meses,NORTE,PA,12,1
1148607997,6,NAO INFORMADO,1973-08-06,2018-03-26,49.99,49.99,M,45,4. 40 - 49,13,3. De 7 à 12 meses,SUDESTE,RJ,9,1
1147426769,26,NAO INFORMADO,1975-04-02,2018-03-15,35.99,35.99,M,44,4. 40 - 49,13,3. De 7 à 12 meses,SUDESTE,ES,14,1
1147212054,17,NAO INFORMADO,1951-06-29,2018-03-14,35.99,35.99,M,67,6. 60 - 69,13,3. De 7 à 12 meses,SUDESTE,RJ,24,0
1149102891,26,NAO INFORMADO,1998-10-08,2018-03-31,35.99,35.99,M,20,1. 18 - 24,13,3. De 7 à 12 meses,SUDESTE,MG,32,0
1152599883,26,NAO INFORMADO,1986-03-15,2018-04-30,35.99,35.99,M,33,3. 30 - 39,12,3. De 7 à 12 meses,NORTE,PA,3,0
1148460343,17,NAO INFORMADO,1956-01-02,2018-03-24,49.99,49.99,M,63,6. 60 - 69,13,3. De 7 à 12 meses,SUDESTE,MG,1,0
1155230655,10,NAO INFORMADO,1967-10-16,2018-05-20,64.99,64.99,M,51,5. 50 - 59,11,3. De 7 à 12 meses,CENTRO_OESTE,MT,19,1
1152101795,6,NAO INFORMADO,1984-04-27,2018-04-25,64.99,64.99,M,34,3. 30 - 39,12,3. De 7 à 12 meses,CENTRO_OESTE,GO,27,0
1152102295,17,NAO INFORMADO,1981-09-06,2018-04-25,35.99,35.99,M,37,3. 30 - 39,12,3. De 7 à 12 meses,NORTE,AC,37,0
1155754411,6,NAO INFORMADO,1975-10-13,2018-05-24,44.99,44.99,M,43,4. 40 - 49,11,3. De 7 à 12 meses,NORTE,AM,9,1
1148146642,21,NAO INFORMADO,1990-06-29,2018-03-22,49.99,49.99,M,28,2. 25 - 29,13,3. De 7 à 12 meses,NORTE,PA,4,1
1159237119,6,NAO INFORMADO,1995-05-24,2018-06-25,49.99,49.99,M,23,1. 18 - 24,10,3. De 7 à 12 meses,NORTE,RO,4,1
1154391508,17,NAO INFORMADO,1994-06-26,2018-05-12,76.26,76.26,M,24,2. 25 - 29,11,3. De 7 à 12 meses,NORTE,TO,8,1
1153333366,17,NAO INFORMADO,1972-03-31,2018-05-05,64.99,64.99,M,47,4. 40 - 49,11,3. De 7 à 12 meses,NORTE,PA,34,1
1148637251,1,NAO INFORMADO,1996-08-03,2018-03-26,49.99,49.99,F,22,1. 18 - 24,13,3. De 7 à 12 meses,NORTE,AM,27,0
1148902153,17,NAO INFORMADO,1961-05-24,2018-03-29,49.99,49.99,F,57,5. 50 - 59,13,3. De 7 à 12 meses,SUL,PR,21,0
1148463699,17,NAO INFORMADO,1990-06-15,2018-03-24,35.99,35.99,M,28,2. 25 - 29,13,3. De 7 à 12 meses,SUDESTE,SP,14,0
1148904809,6,NAO INFORMADO,1965-08-02,2018-03-29,64.99,64.99,M,53,5. 50 - 59,13,3. De 7 à 12 meses,NORDESTE,BA,1,1
1148791051,26,NAO INFORMADO,1975-09-09,2018-03-28,35.99,35.99,M,43,4. 40 - 49,13,3. De 7 à 12 meses,NORDESTE,BA,3,1
1155952253,1,NAO INFORMADO,1976-03-22,2018-05-26,35.99,35.99,F,43,4. 40 - 49,11,3. De 7 à 12 meses,NORTE,AM,33,0
1152490549,26,NAO INFORMADO,1960-02-25,2018-04-28,64.99,64.99,M,59,5. 50 - 59,12,3. De 7 à 12 meses,NORTE,PA,10,1
1148343262,21,NAO INFORMADO,1964-11-16,2018-03-23,49.99,49.99,M,54,5. 50 - 59,13,3. De 7 à 12 meses,NORTE,RO,21,0
1153798561,17,NAO INFORMADO,1978-04-04,2018-05-08,35.99,35.99,F,41,4. 40 - 49,11,3. De 7 à 12 meses,NORTE,PA,12,1
1155885163,1,NAO INFORMADO,1996-11-06,2018-05-25,59.99,59.99,M,22,1. 18 - 24,11,3. De 7 à 12 meses,NORTE,AM,66,0
1148406035,6,NAO INFORMADO,1991-06-23,2018-03-24,64.99,64.99,M,27,2. 25 - 29,13,3. De 7 à 12 meses,SUDESTE,RJ,9,1
1147944838,26,NAO INFORMADO,1989-10-17,2018-03-20,49.99,49.99,F,29,3. 30 - 39,13,3. De 7 à 12 meses,SUDESTE,MG,19,0
1156030519,26,NAO INFORMADO,1984-06-23,2018-05-28,49.99,49.99,F,34,3. 30 - 39,11,3. De 7 à 12 meses,CENTRO_OESTE,MT,4,1
1147756376,26,NAO INFORMADO,1974-02-05,2018-03-19,49.99,49.99,M,45,4. 40 - 49,13,3. De 7 à 12 meses,SUDESTE,RJ,4,1
1157183825,17,NAO INFORMADO,1988-01-17,2018-06-07,64.99,64.99,M,31,3. 30 - 39,10,3. De 7 à 12 meses,NORTE,AM,32,0
1147945026,17,NAO INFORMADO,1952-05-01,2018-03-20,49.99,49.99,M,66,6. 60 - 69,13,3. De 7 à 12 meses,SUDESTE,MG,1,0
1152313113,6,NAO INFORMADO,1969-01-26,2018-04-27,49.99,49.99,M,50,5. 50 - 59,12,3. De 7 à 12 meses,NORDESTE,PE,26,0
1151750198,26,NAO INFORMADO,1993-04-11,2018-04-23,49.99,49.99,M,26,2. 25 - 29,12,3. De 7 à 12 meses,NORTE,PA,17,1
1158087725,21,NAO INFORMADO,1984-12-15,2018-06-14,49.99,49.99,M,34,3. 30 - 39,10,3. De 7 à 12 meses,NORTE,PA,2,1
1155878837,6,NAO INFORMADO,1962-06-25,2018-05-25,35.99,35.99,F,56,5. 50 - 59,11,3. De 7 à 12 meses,NORTE,PA,7,0
1148004030,26,NAO INFORMADO,1966-08-05,2018-03-21,35.99,35.99,M,52,5. 50 - 59,13,3. De 7 à 12 meses,NORDESTE,BA,5,1
1151009553,26,NAO INFORMADO,1954-04-18,2018-04-16,44.99,44.99,F,64,6. 60 - 69,12,3. De 7 à 12 meses,NORDESTE,MA,2,1
1151346281,17,NAO INFORMADO,1995-04-30,2018-04-19,35.99,35.99,M,23,1. 18 - 24,12,3. De 7 à 12 meses,CENTRO_OESTE,MT,5,1
1147806720,1,NAO INFORMADO,1987-04-01,2018-03-19,64.99,64.99,M,32,3. 30 - 39,13,3. De 7 à 12 meses,SUDESTE,MG,12,0
1151192828,26,NAO INFORMADO,1990-05-06,2018-04-18,35.99,35.99,F,28,2. 25 - 29,12,3. De 7 à 12 meses,NORTE,PA,2,1
1154859566,17,NAO INFORMADO,1969-02-09,2018-05-16,49.99,49.99,F,50,5. 50 - 59,11,3. De 7 à 12 meses,CENTRO_OESTE,MS,31,0
1151194823,26,NAO INFORMADO,1986-04-28,2018-04-18,64.99,64.99,F,32,3. 30 - 39,12,3. De 7 à 12 meses,CENTRO_OESTE,GO,20,0
1148919060,6,NAO INFORMADO,1972-10-04,2018-03-29,64.99,64.99,M,46,4. 40 - 49,13,3. De 7 à 12 meses,SUDESTE,MG,21,1
1147429268,17,NAO INFORMADO,1955-03-28,2018-03-15,49.99,49.99,M,64,6. 60 - 69,13,3. De 7 à 12 meses,SUDESTE,RJ,16,1
1148407362,26,SOLTEIRO,1950-05-09,2018-03-24,64.99,64.99,M,68,6. 60 - 69,13,3. De 7 à 12 meses,SUDESTE,RJ,15,0
1153943266,17,NAO INFORMADO,1985-04-11,2018-05-09,64.99,64.99,M,34,3. 30 - 39,11,3. De 7 à 12 meses,CENTRO_OESTE,MS,13,1
1147286731,21,NAO INFORMADO,1991-11-24,2018-03-14,49.99,49.99,F,27,2. 25 - 29,13,3. De 7 à 12 meses,CENTRO_OESTE,DF,2,1
1157973867,26,NAO INFORMADO,1962-11-03,2018-06-13,34.99,34.99,M,56,5. 50 - 59,10,3. De 7 à 12 meses,CENTRO_OESTE,GO,19,1
1149343771,17,NAO INFORMADO,1976-02-01,2018-04-02,35.99,35.99,I,43,4. 40 - 49,12,3. De 7 à 12 meses,CENTRO_OESTE,MS,28,0
1147550044,17,NAO INFORMADO,1952-11-19,2018-03-16,49.99,49.99,M,66,6. 60 - 69,13,3. De 7 à 12 meses,CENTRO_OESTE,DF,16,0
1152387733,17,NAO INFORMADO,1978-09-30,2018-04-27,49.99,49.99,M,40,4. 40 - 49,12,3. De 7 à 12 meses,NORTE,AM,3,1
1147270545,17,NAO INFORMADO,1972-05-06,2018-03-14,35.99,35.99,F,46,4. 40 - 49,13,3. De 7 à 12 meses,SUDESTE,SP,26,0
1148864512,1,NAO INFORMADO,1996-07-10,2018-03-28,49.99,49.99,M,22,1. 18 - 24,13,3. De 7 à 12 meses,CENTRO_OESTE,GO,2,1
1149910298,6,NAO INFORMADO,1980-12-10,2018-04-06,35.99,35.99,M,38,3. 30 - 39,12,3. De 7 à 12 meses,NORDESTE,MA,40,0
1151346522,17,NAO INFORMADO,1966-04-19,2018-04-19,35.99,35.99,M,52,5. 50 - 59,12,3. De 7 à 12 meses,NORTE,PA,37,1
1151351024,26,NAO INFORMADO,1965-05-13,2018-04-19,35.99,35.99,F,53,5. 50 - 59,12,3. De 7 à 12 meses,NORTE,PA,11,1
1152235201,21,NAO INFORMADO,1979-04-04,2018-04-26,49.99,49.99,F,40,4. 40 - 49,12,3. De 7 à 12 meses,NORTE,AM,6,1
1155948489,26,NAO INFORMADO,1987-10-20,2018-05-26,35.99,35.99,M,31,3. 30 - 39,11,3. De 7 à 12 meses,NORTE,PA,11,1
1154111307,6,NAO INFORMADO,1954-09-11,2018-05-10,35.99,35.99,M,64,6. 60 - 69,11,3. De 7 à 12 meses,NORDESTE,MA,22,1
1158433573,1,NAO INFORMADO,1986-12-07,2018-06-18,35.99,35.99,M,32,3. 30 - 39,10,3. De 7 à 12 meses,NORTE,AM,4,1
1148766795,6,NAO INFORMADO,1954-03-15,2018-03-28,49.99,49.99,F,65,6. 60 - 69,13,3. De 7 à 12 meses,NORDESTE,PI,40,0
1153050215,6,NAO INFORMADO,1972-09-14,2018-05-03,35.99,35.99,M,46,4. 40 - 49,11,3. De 7 à 12 meses,NORTE,AM,18,0
1155355426,1,NAO INFORMADO,1969-10-29,2018-05-21,35.99,35.99,F,49,5. 50 - 59,11,3. De 7 à 12 meses,NORTE,PA,40,0
1152602502,26,NAO INFORMADO,1990-10-03,2018-04-30,64.99,64.99,M,28,2. 25 - 29,12,3. De 7 à 12 meses,CENTRO_OESTE,MT,16,1
1148924470,26,NAO INFORMADO,1999-10-25,2018-03-29,49.99,49.99,M,19,1. 18 - 24,13,3. De 7 à 12 meses,NORDESTE,PB,7,1
1157182140,21,NAO INFORMADO,1959-01-01,2018-06-07,49.99,49.99,F,60,6. 60 - 69,10,3. De 7 à 12 meses,CENTRO_OESTE,MT,2,1
1148872267,17,SOLTEIRO,1993-06-06,2018-03-28,35.99,35.99,M,25,2. 25 - 29,13,3. De 7 à 12 meses,SUDESTE,MG,15,1
1155881376,6,NAO INFORMADO,1986-07-23,2018-05-25,35.99,35.99,M,32,3. 30 - 39,11,3. De 7 à 12 meses,NORDESTE,MA,4,0
1152490439,6,NAO INFORMADO,1960-01-16,2018-04-28,35.99,35.99,M,59,5. 50 - 59,12,3. De 7 à 12 meses,NORTE,AM,10,0
1148147664,26,NAO INFORMADO,1996-10-19,2018-03-22,44.99,44.99,F,22,1. 18 - 24,13,3. De 7 à 12 meses,NORTE,RO,27,0
1147302505,17,NAO INFORMADO,1962-03-26,2018-03-14,35.99,35.99,M,57,5. 50 - 59,13,3. De 7 à 12 meses,NORDESTE,BA,6,1
1147578743,6,NAO INFORMADO,1957-06-18,2018-03-16,35.99,35.99,F,61,6. 60 - 69,13,3. De 7 à 12 meses,SUDESTE,SP,7,1
1147677405,26,NAO INFORMADO,1982-08-29,2018-03-17,49.99,49.99,M,36,3. 30 - 39,13,3. De 7 à 12 meses,NORTE,AM,5,0
1152603911,26,NAO INFORMADO,1975-02-01,2018-04-30,64.99,64.99,M,44,4. 40 - 49,12,3. De 7 à 12 meses,NORTE,PA,5,1
1148471958,17,NAO INFORMADO,1963-10-07,2018-03-24,64.99,64.99,F,55,5. 50 - 59,13,3. De 7 à 12 meses,CENTRO_OESTE,DF,2,1
1147544444,6,NAO INFORMADO,1978-08-20,2018-03-16,49.99,49.99,M,40,4. 40 - 49,13,3. De 7 à 12 meses,NORTE,AM,31,0
1151493748,6,NAO INFORMADO,1990-11-06,2018-04-20,35.99,35.99,F,28,2. 25 - 29,12,3. De 7 à 12 meses,NORTE,PA,11,0
1151347531,26,NAO INFORMADO,1979-03-10,2018-04-19,49.99,49.99,M,40,4. 40 - 49,12,3. De 7 à 12 meses,NORTE,PA,4,1
1169375710,17,NAO INFORMADO,1982-02-15,2018-09-14,79.99,79.99,M,37,3. 30 - 39,7,2. De 4 à 6 meses,CENTRO_OESTE,MT,4,1
1147441145,26,NAO INFORMADO,1964-09-10,2018-03-15,64.99,64.99,M,54,5. 50 - 59,13,3. De 7 à 12 meses,SUDESTE,SP,6,1
1152378713,26,NAO INFORMADO,1991-02-21,2018-04-27,64.99,64.99,M,28,2. 25 - 29,12,3. De 7 à 12 meses,CENTRO_OESTE,DF,19,1
1147210742,26,NAO INFORMADO,1995-10-07,2018-03-14,64.99,64.99,F,23,1. 18 - 24,13,3. De 7 à 12 meses,SUDESTE,RJ,14,0
1152233873,6,NAO INFORMADO,2000-02-16,2018-04-26,49.99,49.99,M,19,1. 18 - 24,12,3. De 7 à 12 meses,NORDESTE,MA,32,1
1156178060,17,NAO INFORMADO,1967-02-03,2018-05-29,49.99,49.99,M,52,5. 50 - 59,11,3. De 7 à 12 meses,CENTRO_OESTE,MS,34,0
1149130296,6,NAO INFORMADO,1974-03-19,2018-03-31,49.99,49.99,M,45,4. 40 - 49,13,3. De 7 à 12 meses,NORDESTE,CE,37,0
1148354489,6,NAO INFORMADO,1988-07-09,2018-03-23,35.99,35.99,F,30,3. 30 - 39,13,3. De 7 à 12 meses,NORDESTE,BA,1,1
1147755007,21,NAO INFORMADO,1992-04-09,2018-03-19,49.99,49.99,M,27,2. 25 - 29,13,3. De 7 à 12 meses,SUDESTE,RJ,10,0
1147245171,6,NAO INFORMADO,1977-11-20,2018-03-14,35.99,35.99,M,41,4. 40 - 49,13,3. De 7 à 12 meses,SUDESTE,MG,12,1
1147583721,6,NAO INFORMADO,1950-05-30,2018-03-16,49.99,49.99,F,68,6. 60 - 69,13,3. De 7 à 12 meses,NORDESTE,PB,19,0
1153050318,26,NAO INFORMADO,1996-09-25,2018-05-03,49.99,49.99,M,22,1. 18 - 24,11,3. De 7 à 12 meses,CENTRO_OESTE,MS,20,1
1148873329,21,NAO INFORMADO,2000-04-26,2018-03-28,35.99,35.99,M,18,1. 18 - 24,13,3. De 7 à 12 meses,SUDESTE,MG,30,0
1155355262,21,SOLTEIRO,1984-07-22,2018-05-21,79.99,79.99,M,34,3. 30 - 39,11,3. De 7 à 12 meses,CENTRO_OESTE,MS,11,1
1147686918,21,NAO INFORMADO,1992-10-08,2018-03-18,49.99,49.99,F,26,2. 25 - 29,13,3. De 7 à 12 meses,SUDESTE,RJ,28,0
1149188237,21,NAO INFORMADO,1974-08-15,2018-03-31,64.99,64.99,M,44,4. 40 - 49,13,3. De 7 à 12 meses,SUDESTE,SP,10,1
1147583309,6,NAO INFORMADO,1974-12-06,2018-03-16,64.99,64.99,M,44,4. 40 - 49,13,3. De 7 à 12 meses,NORDESTE,PE,14,1
1157291255,21,NAO INFORMADO,1995-04-20,2018-06-08,35.99,35.99,M,23,1. 18 - 24,10,3. De 7 à 12 meses,NORTE,PA,31,0
1155090544,6,NAO INFORMADO,1989-06-13,2018-05-18,49.99,49.99,M,29,3. 30 - 39,11,3. De 7 à 12 meses,SUDESTE,SP,20,0
1148905610,17,NAO INFORMADO,1985-02-27,2018-03-29,49.99,49.99,M,34,3. 30 - 39,13,3. De 7 à 12 meses,NORDESTE,SE,23,0
1158290110,6,NAO INFORMADO,1978-01-01,2018-06-16,64.99,64.99,M,41,4. 40 - 49,10,3. De 7 à 12 meses,NORTE,PA,32,1
1158090056,1,NAO INFORMADO,1976-04-04,2018-06-14,34.99,34.99,F,43,4. 40 - 49,10,3. De 7 à 12 meses,CENTRO_OESTE,MS,4,1
1148810769,17,NAO INFORMADO,1971-05-14,2018-03-28,49.99,49.99,F,47,4. 40 - 49,13,3. De 7 à 12 meses,SUDESTE,SP,3,1
1148089535,21,NAO INFORMADO,1995-10-07,2018-03-21,64.99,64.99,F,23,1. 18 - 24,13,3. De 7 à 12 meses,CENTRO_OESTE,MT,10,1
1147282581,21,NAO INFORMADO,1969-12-24,2018-03-14,64.99,64.99,M,49,5. 50 - 59,13,3. De 7 à 12 meses,CENTRO_OESTE,GO,3,0
1156633549,26,NAO INFORMADO,1978-08-05,2018-06-02,49.99,49.99,F,40,4. 40 - 49,10,3. De 7 à 12 meses,NORTE,PA,14,1
1159493540,26,NAO INFORMADO,1976-12-04,2018-06-27,34.99,34.99,M,42,4. 40 - 49,10,3. De 7 à 12 meses,CENTRO_OESTE,MT,27,0
1155086256,6,NAO INFORMADO,1957-04-25,2018-05-18,49.99,49.99,F,61,6. 60 - 69,11,3. De 7 à 12 meses,NORTE,PA,3,1
1147303993,17,NAO INFORMADO,1962-06-19,2018-03-14,35.99,35.99,F,56,5. 50 - 59,13,3. De 7 à 12 meses,NORDESTE,BA,1,1
1148112509,26,NAO INFORMADO,1966-09-30,2018-03-22,49.99,49.99,F,52,5. 50 - 59,13,3. De 7 à 12 meses,NORDESTE,CE,29,1
1154862960,26,NAO INFORMADO,1966-03-06,2018-05-16,94.99,94.99,M,53,5. 50 - 59,11,3. De 7 à 12 meses,CENTRO_OESTE,MT,4,1
1147436125,17,NAO INFORMADO,1974-02-18,2018-03-15,35.99,35.99,M,45,4. 40 - 49,13,3. De 7 à 12 meses,SUDESTE,MG,41,0
1158947061,26,NAO INFORMADO,1993-03-07,2018-06-22,49.99,49.99,M,26,2. 25 - 29,10,3. De 7 à 12 meses,NORDESTE,MA,8,1
1147448766,21,NAO INFORMADO,1971-08-25,2018-03-15,35.99,35.99,M,47,4. 40 - 49,13,3. De 7 à 12 meses,NORDESTE,BA,26,1
1159043428,6,NAO INFORMADO,1963-12-05,2018-06-23,49.99,49.99,M,55,5. 50 - 59,10,3. De 7 à 12 meses,NORTE,PA,25,1
1148675794,6,NAO INFORMADO,1977-10-08,2018-03-27,49.99,49.99,F,41,4. 40 - 49,13,3. De 7 à 12 meses,NORTE,PA,2,1
1150693566,17,NAO INFORMADO,1985-09-15,2018-04-13,49.99,49.99,F,33,3. 30 - 39,12,3. De 7 à 12 meses,NORTE,TO,15,1
1148637505,6,NAO INFORMADO,1996-01-02,2018-03-26,49.99,49.99,F,23,1. 18 - 24,13,3. De 7 à 12 meses,NORTE,PA,14,0
1147444486,1,NAO INFORMADO,1973-02-04,2018-03-15,35.99,35.99,F,46,4. 40 - 49,13,3. De 7 à 12 meses,SUDESTE,SP,40,0
1149837570,26,NAO INFORMADO,1986-09-04,2018-04-06,35.99,35.99,M,32,3. 30 - 39,12,3. De 7 à 12 meses,NORDESTE,BA,27,0
1154971887,17,NAO INFORMADO,1967-07-24,2018-05-17,35.99,35.99,M,51,5. 50 - 59,11,3. De 7 à 12 meses,NORTE,PA,4,1
1150020340,17,NAO INFORMADO,1991-10-06,2018-04-07,35.99,35.99,M,27,2. 25 - 29,12,3. De 7 à 12 meses,CENTRO_OESTE,MT,19,1
1148648938,26,NAO INFORMADO,1989-02-08,2018-03-27,49.99,49.99,M,30,3. 30 - 39,13,3. De 7 à 12 meses,NORDESTE,CE,4,0
1148771729,6,NAO INFORMADO,1983-04-04,2018-03-28,49.99,49.99,F,36,3. 30 - 39,13,3. De 7 à 12 meses,SUL,SC,17,0
1150020673,17,SOLTEIRO,1993-07-19,2018-04-07,49.99,49.99,M,25,2. 25 - 29,12,3. De 7 à 12 meses,CENTRO_OESTE,MS,1,0
1152487615,6,NAO INFORMADO,1970-07-18,2018-04-28,35.99,35.99,M,48,4. 40 - 49,12,3. De 7 à 12 meses,NORTE,AM,41,0
1147854992,26,NAO INFORMADO,1972-02-20,2018-03-19,35.99,35.99,M,47,4. 40 - 49,13,3. De 7 à 12 meses,NORTE,AC,33,0
1147578532,1,NAO INFORMADO,1989-10-17,2018-03-16,49.99,49.99,F,29,3. 30 - 39,13,3. De 7 à 12 meses,SUDESTE,SP,18,0
1152931085,17,NAO INFORMADO,1996-10-26,2018-05-02,49.99,49.99,I,22,1. 18 - 24,11,3. De 7 à 12 meses,NORTE,TO,16,1
1147428035,1,NAO INFORMADO,1980-08-20,2018-03-15,64.99,64.99,M,38,3. 30 - 39,13,3. De 7 à 12 meses,SUDESTE,RJ,6,1
1149617606,21,NAO INFORMADO,1979-09-25,2018-04-04,35.99,35.99,M,39,4. 40 - 49,12,3. De 7 à 12 meses,NORTE,AM,38,0
1147546307,26,NAO INFORMADO,1996-06-01,2018-03-16,49.99,49.99,M,22,1. 18 - 24,13,3. De 7 à 12 meses,CENTRO_OESTE,GO,18,0
1147683705,21,NAO INFORMADO,1966-12-07,2018-03-17,35.99,35.99,M,52,5. 50 - 59,13,3. De 7 à 12 meses,SUDESTE,SP,3,1
1149101460,26,NAO INFORMADO,1978-06-18,2018-03-31,72.89,72.89,M,40,4. 40 - 49,13,3. De 7 à 12 meses,SUDESTE,SP,2,1
1147427752,6,NAO INFORMADO,1982-02-06,2018-03-15,49.99,49.99,M,37,3. 30 - 39,13,3. De 7 à 12 meses,SUDESTE,RJ,19,0
1150541693,26,NAO INFORMADO,1994-12-10,2018-04-12,35.99,35.99,M,24,2. 25 - 29,12,3. De 7 à 12 meses,NORTE,AM,13,0
1147851339,26,NAO INFORMADO,1978-01-22,2018-03-19,57.32,57.32,M,41,4. 40 - 49,13,3. De 7 à 12 meses,CENTRO_OESTE,MT,29,0
1147669503,1,NAO INFORMADO,1969-05-09,2018-03-17,49.99,49.99,M,49,5. 50 - 59,13,3. De 7 à 12 meses,SUDESTE,MG,4,0
1148091997,17,NAO INFORMADO,1974-08-21,2018-03-21,64.99,64.99,F,44,4. 40 - 49,13,3. De 7 à 12 meses,CENTRO_OESTE,MT,5,1
1151490383,21,NAO INFORMADO,1989-11-01,2018-04-20,35.99,35.99,F,29,3. 30 - 39,12,3. De 7 à 12 meses,NORDESTE,MA,14,0
1149102196,6,NAO INFORMADO,1969-08-06,2018-03-31,49.99,49.99,M,49,5. 50 - 59,13,3. De 7 à 12 meses,SUL,SC,31,0
1155611356,26,NAO INFORMADO,1980-09-30,2018-05-23,35.99,35.99,M,38,3. 30 - 39,11,3. De 7 à 12 meses,NORTE,PA,7,0
1149130165,1,NAO INFORMADO,1972-02-01,2018-03-31,49.99,49.99,F,47,4. 40 - 49,13,3. De 7 à 12 meses,NORDESTE,PE,6,1
1151612071,21,NAO INFORMADO,1977-06-28,2018-04-21,64.99,64.99,M,41,4. 40 - 49,12,3. De 7 à 12 meses,NORTE,AP,13,1
1147680806,17,NAO INFORMADO,1957-03-26,2018-03-17,64.99,64.99,M,62,6. 60 - 69,13,3. De 7 à 12 meses,SUDESTE,SP,28,0
1169636633,10,CASADO,1961-06-08,2018-09-14,49.99,49.99,M,57,5. 50 - 59,7,2. De 4 à 6 meses,SUL,PR,3,1
1152929742,26,NAO INFORMADO,1990-07-24,2018-05-02,64.99,64.99,F,28,2. 25 - 29,11,3. De 7 à 12 meses,NORTE,PA,21,1
1147853099,6,NAO INFORMADO,1976-12-12,2018-03-19,64.99,64.99,M,42,4. 40 - 49,13,3. De 7 à 12 meses,NORTE,PA,13,1
1148767845,26,NAO INFORMADO,1969-09-22,2018-03-28,49.99,49.99,F,49,5. 50 - 59,13,3. De 7 à 12 meses,NORDESTE,PI,7,1
1156808503,17,NAO INFORMADO,1978-12-23,2018-06-04,35.99,35.99,M,40,4. 40 - 49,10,3. De 7 à 12 meses,NORDESTE,MA,7,1
1147454171,26,NAO INFORMADO,1999-08-12,2018-03-15,49.99,49.99,F,19,1. 18 - 24,13,3. De 7 à 12 meses,CENTRO_OESTE,DF,5,1
1147302166,26,NAO INFORMADO,1980-10-18,2018-03-14,35.99,35.99,M,38,3. 30 - 39,13,3. De 7 à 12 meses,NORDESTE,BA,43,0
1155950917,1,NAO INFORMADO,1984-12-14,2018-05-26,49.99,49.99,F,34,3. 30 - 39,11,3. De 7 à 12 meses,NORTE,AM,4,1
1147271970,17,NAO INFORMADO,1994-11-03,2018-03-14,64.99,64.99,M,24,2. 25 - 29,13,3. De 7 à 12 meses,SUDESTE,SP,21,0
1147978556,26,NAO INFORMADO,1981-01-22,2018-03-20,35.99,35.99,F,38,3. 30 - 39,13,3. De 7 à 12 meses,NORDESTE,PI,7,0
1155751798,26,NAO INFORMADO,1980-06-03,2018-05-24,35.99,35.99,M,38,3. 30 - 39,11,3. De 7 à 12 meses,CENTRO_OESTE,MS,14,1
1148659694,6,NAO INFORMADO,1995-03-15,2018-03-27,49.99,49.99,F,24,1. 18 - 24,13,3. De 7 à 12 meses,SUDESTE,RJ,15,0
1148469734,6,NAO INFORMADO,1965-11-02,2018-03-24,49.99,49.99,M,53,5. 50 - 59,13,3. De 7 à 12 meses,CENTRO_OESTE,GO,2,1
1148871682,6,NAO INFORMADO,1992-08-10,2018-03-28,49.99,49.99,M,26,2. 25 - 29,13,3. De 7 à 12 meses,SUDESTE,MG,38,0
1147850441,1,NAO INFORMADO,1977-06-14,2018-03-19,35.99,35.99,F,41,4. 40 - 49,13,3. De 7 à 12 meses,CENTRO_OESTE,GO,30,0
1153800587,17,NAO INFORMADO,1973-06-23,2018-05-08,35.99,35.99,F,45,4. 40 - 49,11,3. De 7 à 12 meses,NORTE,PA,24,1
1148626587,17,NAO INFORMADO,1989-09-22,2018-03-26,35.99,35.99,M,29,3. 30 - 39,13,3. De 7 à 12 meses,SUDESTE,SP,30,0
1152491544,17,NAO INFORMADO,1975-03-22,2018-04-28,49.99,49.99,I,44,4. 40 - 49,12,3. De 7 à 12 meses,NORTE,TO,37,0
1148237237,1,NAO INFORMADO,1953-07-18,2018-03-23,64.99,64.99,M,65,6. 60 - 69,13,3. De 7 à 12 meses,SUL,PR,5,1
1167685997,1,NAO INFORMADO,1981-11-03,2018-08-31,64.99,64.99,M,37,3. 30 - 39,8,2. De 4 à 6 meses,NORTE,AM,5,1
1153430088,1,NAO INFORMADO,1985-09-26,2018-05-07,35.99,35.99,M,33,3. 30 - 39,11,3. De 7 à 12 meses,NORTE,AM,9,1
1148921087,6,NAO INFORMADO,1981-05-07,2018-03-29,49.99,49.99,F,37,3. 30 - 39,13,3. De 7 à 12 meses,SUDESTE,MG,3,1
1149143299,26,NAO INFORMADO,1959-07-18,2018-03-31,64.99,64.99,M,59,6. 60 - 69,13,3. De 7 à 12 meses,SUDESTE,RJ,7,1
1152233917,1,NAO INFORMADO,1985-09-15,2018-04-26,35.99,35.99,M,33,3. 30 - 39,12,3. De 7 à 12 meses,NORTE,AM,41,0
1147287040,6,NAO INFORMADO,1962-05-28,2018-03-14,64.99,64.99,F,56,5. 50 - 59,13,3. De 7 à 12 meses,NORTE,AM,1,0
1153047774,6,NAO INFORMADO,1967-01-13,2018-05-03,35.99,35.99,M,52,5. 50 - 59,11,3. De 7 à 12 meses,NORTE,PA,9,1
1154605333,26,NAO INFORMADO,1970-10-19,2018-05-14,49.99,49.99,F,48,4. 40 - 49,11,3. De 7 à 12 meses,CENTRO_OESTE,GO,30,0
1148281148,17,NAO INFORMADO,1974-10-22,2018-03-23,49.99,49.99,M,44,4. 40 - 49,13,3. De 7 à 12 meses,SUDESTE,MG,39,0
1147861063,26,NAO INFORMADO,1962-07-30,2018-03-20,49.99,49.99,F,56,5. 50 - 59,13,3. De 7 à 12 meses,SUL,PR,5,1
1149103064,6,NAO INFORMADO,1990-04-04,2018-03-31,49.99,49.99,M,29,2. 25 - 29,13,3. De 7 à 12 meses,SUDESTE,MG,37,0
1147671792,26,CASADO,1957-06-15,2018-03-17,64.99,64.99,M,61,6. 60 - 69,13,3. De 7 à 12 meses,SUDESTE,MG,13,1
1148134571,6,NAO INFORMADO,1967-09-05,2018-03-22,49.99,49.99,M,51,5. 50 - 59,13,3. De 7 à 12 meses,SUDESTE,MG,18,0
1147754009,26,NAO INFORMADO,1964-03-23,2018-03-19,49.99,49.99,M,55,5. 50 - 59,13,3. De 7 à 12 meses,SUDESTE,RJ,3,1
1151931381,6,NAO INFORMADO,1976-12-03,2018-04-24,64.99,64.99,M,42,4. 40 - 49,12,3. De 7 à 12 meses,NORTE,PA,3,1
1147943524,17,NAO INFORMADO,1975-12-20,2018-03-20,35.99,35.99,F,43,4. 40 - 49,13,3. De 7 à 12 meses,SUDESTE,MG,38,0
1148023132,17,NAO INFORMADO,1970-03-02,2018-03-21,35.99,35.99,M,49,4. 40 - 49,13,3. De 7 à 12 meses,SUDESTE,RJ,1,1
1154112757,26,NAO INFORMADO,1985-03-13,2018-05-10,49.99,49.99,F,34,3. 30 - 39,11,3. De 7 à 12 meses,NORTE,AM,2,1
1150195692,21,NAO INFORMADO,1992-07-29,2018-04-09,64.99,64.99,M,26,2. 25 - 29,12,3. De 7 à 12 meses,CENTRO_OESTE,MT,16,1
1147458970,26,NAO INFORMADO,1988-06-02,2018-03-15,90.18,90.18,M,30,3. 30 - 39,13,3. De 7 à 12 meses,NORTE,AP,22,1
1155953210,17,NAO INFORMADO,1984-08-03,2018-05-26,75.98,75.98,M,34,3. 30 - 39,11,3. De 7 à 12 meses,CENTRO_OESTE,MT,30,0
1148486466,10,NAO INFORMADO,1960-09-29,2018-03-25,46.99,46.99,F,58,5. 50 - 59,13,3. De 7 à 12 meses,SUDESTE,ES,1,1
1149017538,1,NAO INFORMADO,1986-06-20,2018-03-29,35.99,35.99,M,32,3. 30 - 39,13,3. De 7 à 12 meses,NORTE,PA,4,1
1153942342,21,NAO INFORMADO,1979-02-11,2018-05-09,49.99,49.99,M,40,4. 40 - 49,11,3. De 7 à 12 meses,CENTRO_OESTE,GO,1,1
1159366863,6,NAO INFORMADO,1984-12-20,2018-06-26,34.99,34.99,F,34,3. 30 - 39,10,3. De 7 à 12 meses,NORTE,AM,2,1
1148645019,6,NAO INFORMADO,1974-08-14,2018-03-26,49.99,49.99,F,44,4. 40 - 49,13,3. De 7 à 12 meses,NORDESTE,PE,41,0
1147668799,6,NAO INFORMADO,1971-01-18,2018-03-17,49.99,49.99,M,48,4. 40 - 49,13,3. De 7 à 12 meses,SUL,PR,6,0
1154108123,17,NAO INFORMADO,1965-07-27,2018-05-10,64.99,64.99,M,53,5. 50 - 59,11,3. De 7 à 12 meses,CENTRO_OESTE,MS,6,0
1153431230,6,NAO INFORMADO,1981-08-18,2018-05-07,49.99,49.99,M,37,3. 30 - 39,11,3. De 7 à 12 meses,NORTE,PA,41,0
1147661758,26,CASADO,1986-09-28,2018-03-17,64.99,64.99,M,32,3. 30 - 39,13,3. De 7 à 12 meses,NORDESTE,CE,7,1
1153430952,17,NAO INFORMADO,1978-04-28,2018-05-07,35.99,35.99,M,40,4. 40 - 49,11,3. De 7 à 12 meses,CENTRO_OESTE,MT,5,1
1147963676,26,NAO INFORMADO,1958-01-20,2018-03-20,64.99,64.99,F,61,6. 60 - 69,13,3. De 7 à 12 meses,CENTRO_OESTE,MT,1,1
1147854032,6,NAO INFORMADO,1978-03-20,2018-03-19,64.99,64.99,M,41,4. 40 - 49,13,3. De 7 à 12 meses,NORTE,PA,2,1
1152604205,17,NAO INFORMADO,1973-09-02,2018-04-30,49.99,49.99,M,45,4. 40 - 49,12,3. De 7 à 12 meses,NORTE,AM,1,0
1150806963,6,NAO INFORMADO,1953-05-13,2018-04-14,35.99,35.99,M,65,6. 60 - 69,12,3. De 7 à 12 meses,NORTE,PA,15,1
1149452195,6,NAO INFORMADO,1988-05-25,2018-04-03,35.99,35.99,M,30,3. 30 - 39,12,3. De 7 à 12 meses,NORTE,PA,4,1
1147457601,6,NAO INFORMADO,1964-05-22,2018-03-15,49.99,49.99,M,54,5. 50 - 59,13,3. De 7 à 12 meses,NORTE,PA,12,0
1153189268,17,NAO INFORMADO,1997-02-18,2018-05-04,49.99,49.99,M,22,1. 18 - 24,11,3. De 7 à 12 meses,NORDESTE,MA,5,1
1155878739,6,NAO INFORMADO,1985-01-07,2018-05-25,49.99,49.99,M,34,3. 30 - 39,11,3. De 7 à 12 meses,NORTE,AM,6,1
1154717816,26,NAO INFORMADO,1971-06-06,2018-05-15,35.99,35.99,M,47,4. 40 - 49,11,3. De 7 à 12 meses,NORTE,AM,7,1
1149142045,6,NAO INFORMADO,1987-02-17,2018-03-31,64.99,64.99,M,32,3. 30 - 39,13,3. De 7 à 12 meses,SUDESTE,RJ,29,0
1154972225,26,NAO INFORMADO,1989-11-04,2018-05-17,49.99,49.99,M,29,3. 30 - 39,11,3. De 7 à 12 meses,NORTE,PA,33,0
1147671693,26,NAO INFORMADO,1999-01-30,2018-03-17,64.99,64.99,F,20,1. 18 - 24,13,3. De 7 à 12 meses,SUDESTE,MG,10,1
1150131096,26,NAO INFORMADO,1979-08-07,2018-04-09,35.99,35.99,F,39,4. 40 - 49,12,3. De 7 à 12 meses,NORDESTE,BA,10,1
1151493963,1,NAO INFORMADO,1965-05-24,2018-04-20,64.99,64.99,M,53,5. 50 - 59,12,3. De 7 à 12 meses,CENTRO_OESTE,GO,2,0
1147284927,6,NAO INFORMADO,1964-06-19,2018-03-14,49.99,49.99,M,54,5. 50 - 59,13,3. De 7 à 12 meses,NORTE,AM,42,0
1148648942,6,NAO INFORMADO,1974-11-15,2018-03-27,49.99,49.99,M,44,4. 40 - 49,13,3. De 7 à 12 meses,NORDESTE,AL,4,1
1149176187,6,NAO INFORMADO,1989-11-02,2018-03-31,49.99,49.99,F,29,3. 30 - 39,13,3. De 7 à 12 meses,NORTE,AC,6,1
1153051945,1,NAO INFORMADO,1959-10-28,2018-05-03,49.99,49.99,M,59,6. 60 - 69,11,3. De 7 à 12 meses,NORTE,RR,26,0
1147840445,21,NAO INFORMADO,1979-04-19,2018-03-19,49.99,49.99,M,39,4. 40 - 49,13,3. De 7 à 12 meses,SUDESTE,SP,43,0
1149331371,6,NAO INFORMADO,1973-05-30,2018-04-02,35.99,35.99,F,45,4. 40 - 49,12,3. De 7 à 12 meses,NORDESTE,BA,39,0
1152232547,6,NAO INFORMADO,1966-11-08,2018-04-26,49.99,49.99,F,52,5. 50 - 59,12,3. De 7 à 12 meses,NORTE,TO,15,1
1148865568,6,NAO INFORMADO,1952-12-29,2018-03-28,64.99,64.99,M,66,6. 60 - 69,13,3. De 7 à 12 meses,SUDESTE,MG,4,0
1148460840,6,NAO INFORMADO,1969-11-09,2018-03-24,49.99,49.99,M,49,5. 50 - 59,13,3. De 7 à 12 meses,SUDESTE,MG,1,1
1150189589,1,NAO INFORMADO,1986-11-20,2018-04-09,35.99,35.99,F,32,3. 30 - 39,12,3. De 7 à 12 meses,NORTE,PA,74,0
1152387148,26,NAO INFORMADO,1977-01-15,2018-04-27,70.89,70.89,M,42,4. 40 - 49,12,3. De 7 à 12 meses,NORTE,PA,39,1
1148872218,26,NAO INFORMADO,1971-07-30,2018-03-28,49.99,49.99,F,47,4. 40 - 49,13,3. De 7 à 12 meses,SUDESTE,MG,6,1
1148593433,26,SOLTEIRO,1974-10-10,2018-03-26,49.99,49.99,F,44,4. 40 - 49,13,3. De 7 à 12 meses,SUDESTE,MG,15,0
1153795269,17,NAO INFORMADO,1977-11-16,2018-05-08,35.99,35.99,M,41,4. 40 - 49,11,3. De 7 à 12 meses,NORTE,PA,41,0
1147433634,17,NAO INFORMADO,1977-03-08,2018-03-15,64.99,64.99,F,42,4. 40 - 49,13,3. De 7 à 12 meses,SUDESTE,MG,20,0
1151494144,26,NAO INFORMADO,1982-03-23,2018-04-20,49.99,49.99,M,37,3. 30 - 39,12,3. De 7 à 12 meses,NORTE,PA,3,0
1148344899,6,NAO INFORMADO,1969-11-15,2018-03-23,49.99,49.99,M,49,5. 50 - 59,13,3. De 7 à 12 meses,NORTE,PA,26,1
1152384403,6,SOLTEIRO,1983-01-17,2018-04-27,64.99,64.99,F,36,3. 30 - 39,12,3. De 7 à 12 meses,NORTE,AM,29,1
1148376005,21,NAO INFORMADO,1994-10-15,2018-03-24,49.99,49.99,M,24,2. 25 - 29,13,3. De 7 à 12 meses,SUL,SC,25,1
1150543570,21,NAO INFORMADO,1975-07-31,2018-04-12,49.99,49.99,F,43,4. 40 - 49,12,3. De 7 à 12 meses,CENTRO_OESTE,MS,20,1
1147559877,17,NAO INFORMADO,1956-07-18,2018-03-16,64.99,64.99,F,62,6. 60 - 69,13,3. De 7 à 12 meses,SUDESTE,MG,3,1
1152096001,6,NAO INFORMADO,1980-09-20,2018-04-25,49.99,49.99,M,38,3. 30 - 39,12,3. De 7 à 12 meses,NORTE,PA,9,1
1148785461,6,NAO INFORMADO,1991-02-28,2018-03-28,49.99,49.99,F,28,2. 25 - 29,13,3. De 7 à 12 meses,SUDESTE,ES,13,0
1148284048,26,NAO INFORMADO,1976-09-22,2018-03-23,35.99,35.99,M,42,4. 40 - 49,13,3. De 7 à 12 meses,SUDESTE,MG,20,1
1150700128,26,NAO INFORMADO,1991-02-12,2018-04-13,35.99,35.99,F,28,2. 25 - 29,12,3. De 7 à 12 meses,NORTE,RO,17,1
1154607975,26,NAO INFORMADO,1988-04-07,2018-05-14,49.99,49.99,M,31,3. 30 - 39,11,3. De 7 à 12 meses,NORTE,PA,2,1
1168786596,6,NAO INFORMADO,1971-10-14,2018-09-10,49.99,49.99,F,47,4. 40 - 49,7,2. De 4 à 6 meses,NORTE,AM,34,0
1148176208,6,NAO INFORMADO,1985-07-11,2018-03-22,35.99,35.99,M,33,3. 30 - 39,13,3. De 7 à 12 meses,NORDESTE,BA,19,0
1154274460,21,NAO INFORMADO,1973-12-30,2018-05-11,35.99,35.99,F,45,4. 40 - 49,11,3. De 7 à 12 meses,NORTE,AM,7,1
1149450089,26,NAO INFORMADO,1967-05-16,2018-04-03,49.99,49.99,M,51,5. 50 - 59,12,3. De 7 à 12 meses,NORDESTE,MA,4,1
1154270938,17,NAO INFORMADO,1992-10-29,2018-05-11,64.99,64.99,M,26,2. 25 - 29,11,3. De 7 à 12 meses,CENTRO_OESTE,DF,3,0
1148672700,26,NAO INFORMADO,1959-05-05,2018-03-27,49.99,49.99,F,59,6. 60 - 69,13,3. De 7 à 12 meses,NORDESTE,BA,4,1
1149083447,6,NAO INFORMADO,1988-03-27,2018-03-30,49.99,49.99,F,31,3. 30 - 39,13,3. De 7 à 12 meses,CENTRO_OESTE,DF,1,0
1147968128,26,NAO INFORMADO,1956-09-21,2018-03-20,49.99,49.99,M,62,6. 60 - 69,13,3. De 7 à 12 meses,NORTE,PA,12,1
1148654535,17,NAO INFORMADO,1991-03-23,2018-03-27,35.99,35.99,F,28,2. 25 - 29,13,3. De 7 à 12 meses,SUDESTE,MG,48,0
1149017754,6,NAO INFORMADO,1954-11-05,2018-03-29,49.99,49.99,M,64,6. 60 - 69,13,3. De 7 à 12 meses,CENTRO_OESTE,MT,15,1
1152381567,26,NAO INFORMADO,1992-09-06,2018-04-27,64.99,64.99,M,26,2. 25 - 29,12,3. De 7 à 12 meses,CENTRO_OESTE,DF,1,1
1148870395,26,NAO INFORMADO,1979-03-25,2018-03-28,64.99,64.99,F,40,4. 40 - 49,13,3. De 7 à 12 meses,SUDESTE,MG,10,1
1147966430,17,NAO INFORMADO,1998-10-29,2018-03-20,64.99,64.99,M,20,1. 18 - 24,13,3. De 7 à 12 meses,CENTRO_OESTE,GO,25,0
1147241767,17,NAO INFORMADO,1975-12-06,2018-03-14,49.99,49.99,F,43,4. 40 - 49,13,3. De 7 à 12 meses,SUDESTE,MG,41,0
1148347650,6,NAO INFORMADO,1964-06-18,2018-03-23,49.99,49.99,M,54,5. 50 - 59,13,3. De 7 à 12 meses,NORTE,AM,38,0
1148813709,26,NAO INFORMADO,1968-07-10,2018-03-28,49.99,49.99,M,50,5. 50 - 59,13,3. De 7 à 12 meses,SUDESTE,SP,29,0
1147495688,26,NAO INFORMADO,1965-02-07,2018-03-16,64.99,64.99,M,54,5. 50 - 59,13,3. De 7 à 12 meses,SUDESTE,RJ,20,1
1154612512,17,NAO INFORMADO,1985-08-04,2018-05-14,35.99,35.99,M,33,3. 30 - 39,11,3. De 7 à 12 meses,NORTE,PA,49,1
1148673170,26,NAO INFORMADO,1995-06-28,2018-03-27,49.99,49.99,M,23,1. 18 - 24,13,3. De 7 à 12 meses,NORDESTE,BA,30,0
1159492040,26,NAO INFORMADO,1995-04-02,2018-06-27,49.99,49.99,M,24,1. 18 - 24,10,3. De 7 à 12 meses,NORTE,PA,30,0
1147454833,26,NAO INFORMADO,1971-07-24,2018-03-15,35.99,35.99,M,47,4. 40 - 49,13,3. De 7 à 12 meses,CENTRO_OESTE,GO,6,0
1155356677,17,NAO INFORMADO,1978-02-01,2018-05-21,64.99,64.99,M,41,4. 40 - 49,11,3. De 7 à 12 meses,NORDESTE,BA,11,1
1148261136,1,NAO INFORMADO,1974-06-03,2018-03-23,35.99,35.99,F,44,4. 40 - 49,13,3. De 7 à 12 meses,SUDESTE,RJ,2,0
1148459802,6,NAO INFORMADO,1957-10-28,2018-03-24,49.99,49.99,M,61,6. 60 - 69,13,3. De 7 à 12 meses,SUDESTE,MG,32,0
1148865783,6,NAO INFORMADO,1955-02-08,2018-03-28,64.99,64.99,M,64,6. 60 - 69,13,3. De 7 à 12 meses,CENTRO_OESTE,MT,11,1
1151191571,21,NAO INFORMADO,1975-06-03,2018-04-18,35.99,35.99,M,43,4. 40 - 49,12,3. De 7 à 12 meses,CENTRO_OESTE,MT,1,1
1154612565,17,NAO INFORMADO,1976-11-21,2018-05-14,49.99,49.99,M,42,4. 40 - 49,11,3. De 7 à 12 meses,CENTRO_OESTE,GO,33,0
1158890826,26,NAO INFORMADO,1990-10-16,2018-06-21,49.99,49.99,F,28,2. 25 - 29,10,3. De 7 à 12 meses,NORDESTE,MA,22,0
1147445687,17,NAO INFORMADO,1966-04-25,2018-03-15,49.99,49.99,M,52,5. 50 - 59,13,3. De 7 à 12 meses,NORDESTE,SE,16,1
1148811740,6,NAO INFORMADO,1973-03-04,2018-03-28,49.99,49.99,M,46,4. 40 - 49,13,3. De 7 à 12 meses,SUDESTE,SP,2,0
1147942449,17,NAO INFORMADO,1969-09-23,2018-03-20,49.99,49.99,F,49,5. 50 - 59,13,3. De 7 à 12 meses,SUDESTE,MG,2,1
1148655057,6,NAO INFORMADO,1956-02-10,2018-03-27,46.99,46.99,M,63,6. 60 - 69,13,3. De 7 à 12 meses,SUDESTE,MG,1,0
1155881346,21,NAO INFORMADO,1973-09-20,2018-05-25,49.99,49.99,M,45,4. 40 - 49,11,3. De 7 à 12 meses,NORDESTE,MA,12,1
1148460897,26,NAO INFORMADO,1979-11-04,2018-03-24,75.98,75.98,M,39,4. 40 - 49,13,3. De 7 à 12 meses,SUDESTE,MG,29,1
1148472687,6,NAO INFORMADO,1971-06-07,2018-03-24,64.99,64.99,F,47,4. 40 - 49,13,3. De 7 à 12 meses,NORTE,AM,6,0
1150696193,17,NAO INFORMADO,1965-02-16,2018-04-13,49.99,49.99,F,54,5. 50 - 59,12,3. De 7 à 12 meses,CENTRO_OESTE,GO,18,0
1155952464,6,NAO INFORMADO,1995-02-24,2018-05-26,64.99,64.99,M,24,1. 18 - 24,11,3. De 7 à 12 meses,NORTE,AM,1,1
1153943435,17,NAO INFORMADO,1981-08-12,2018-05-09,49.99,49.99,M,37,3. 30 - 39,11,3. De 7 à 12 meses,NORTE,RO,16,0
1154275581,21,NAO INFORMADO,1984-04-01,2018-05-11,49.99,49.99,F,35,3. 30 - 39,11,3. De 7 à 12 meses,NORTE,PA,3,1
1148922096,6,NAO INFORMADO,1987-05-20,2018-03-29,49.99,49.99,M,31,3. 30 - 39,13,3. De 7 à 12 meses,SUDESTE,MG,26,1
1157290550,26,NAO INFORMADO,1979-03-04,2018-06-08,35.99,35.99,F,40,4. 40 - 49,10,3. De 7 à 12 meses,NORTE,PA,34,1
1151611640,6,NAO INFORMADO,1991-04-22,2018-04-21,64.99,64.99,M,27,2. 25 - 29,12,3. De 7 à 12 meses,NORTE,AM,3,1
1153947960,6,NAO INFORMADO,1996-07-15,2018-05-09,64.99,64.99,M,22,1. 18 - 24,11,3. De 7 à 12 meses,NORDESTE,MA,36,0
1147561599,6,NAO INFORMADO,1985-01-19,2018-03-16,49.99,49.99,M,34,3. 30 - 39,13,3. De 7 à 12 meses,SUDESTE,MG,22,1
1148672893,17,NAO INFORMADO,1990-07-22,2018-03-27,35.99,35.99,M,28,2. 25 - 29,13,3. De 7 à 12 meses,NORDESTE,BA,31,0
1153432023,21,NAO INFORMADO,1973-02-16,2018-05-07,49.99,49.99,F,46,4. 40 - 49,11,3. De 7 à 12 meses,NORTE,AM,29,1
1150458782,17,NAO INFORMADO,1973-11-18,2018-04-11,49.99,49.99,M,45,4. 40 - 49,12,3. De 7 à 12 meses,NORTE,RR,32,0
1155608268,6,NAO INFORMADO,1979-07-27,2018-05-23,35.99,35.99,F,39,4. 40 - 49,11,3. De 7 à 12 meses,NORTE,RR,3,1
1158948779,26,NAO INFORMADO,1963-06-19,2018-06-22,59.99,59.99,F,55,5. 50 - 59,10,3. De 7 à 12 meses,NORTE,PA,38,0
1155192300,1,NAO INFORMADO,1991-06-14,2018-05-19,64.99,64.99,M,27,2. 25 - 29,11,3. De 7 à 12 meses,CENTRO_OESTE,GO,5,1
1155352257,17,NAO INFORMADO,1961-01-04,2018-05-21,35.99,35.99,M,58,5. 50 - 59,11,3. De 7 à 12 meses,NORTE,PA,1,1
1147459765,26,NAO INFORMADO,1985-04-04,2018-03-15,49.99,49.99,M,34,3. 30 - 39,13,3. De 7 à 12 meses,CENTRO_OESTE,MT,3,1
1153940700,17,NAO INFORMADO,1964-06-22,2018-05-09,46.99,46.99,M,54,5. 50 - 59,11,3. De 7 à 12 meses,NORDESTE,MA,11,0
1153049692,1,NAO INFORMADO,1970-11-28,2018-05-03,35.99,35.99,F,48,4. 40 - 49,11,3. De 7 à 12 meses,NORTE,AP,7,0
1147737766,17,NAO INFORMADO,1979-10-19,2018-03-19,49.99,49.99,M,39,4. 40 - 49,13,3. De 7 à 12 meses,NORDESTE,BA,9,0
1148069113,26,NAO INFORMADO,1966-11-22,2018-03-21,49.99,49.99,F,52,5. 50 - 59,13,3. De 7 à 12 meses,SUDESTE,MG,2,1
1155751352,6,NAO INFORMADO,1986-10-21,2018-05-24,49.99,49.99,M,32,3. 30 - 39,11,3. De 7 à 12 meses,NORTE,PA,42,0
1148679805,1,NAO INFORMADO,1980-11-25,2018-03-27,35.99,35.99,M,38,3. 30 - 39,13,3. De 7 à 12 meses,NORTE,PA,31,0
1148146719,6,NAO INFORMADO,1998-05-09,2018-03-22,64.99,64.99,M,20,1. 18 - 24,13,3. De 7 à 12 meses,CENTRO_OESTE,GO,8,1
1148137094,6,NAO INFORMADO,1992-11-30,2018-03-22,49.99,49.99,M,26,2. 25 - 29,13,3. De 7 à 12 meses,SUDESTE,MG,32,0
1164020657,6,NAO INFORMADO,2000-05-24,2018-08-02,49.99,49.99,F,18,1. 18 - 24,8,3. De 7 à 12 meses,NORTE,AM,7,1
1147851895,21,NAO INFORMADO,1968-06-06,2018-03-19,46.99,46.99,F,50,5. 50 - 59,13,3. De 7 à 12 meses,NORTE,AM,34,0
1147736976,17,NAO INFORMADO,1995-10-02,2018-03-19,49.99,49.99,M,23,1. 18 - 24,13,3. De 7 à 12 meses,NORDESTE,SE,52,0
1148631244,1,NAO INFORMADO,1963-04-30,2018-03-26,64.99,64.99,M,55,5. 50 - 59,13,3. De 7 à 12 meses,NORDESTE,SE,7,1
1147755344,21,NAO INFORMADO,1968-01-24,2018-03-19,35.99,35.99,M,51,5. 50 - 59,13,3. De 7 à 12 meses,SUDESTE,RJ,27,0
1155191736,26,NAO INFORMADO,1998-02-16,2018-05-19,35.99,35.99,M,21,1. 18 - 24,11,3. De 7 à 12 meses,NORTE,PA,6,1
1151004432,26,NAO INFORMADO,1980-07-20,2018-04-16,49.99,49.99,M,38,3. 30 - 39,12,3. De 7 à 12 meses,NORTE,AM,25,0
1158436798,1,NAO INFORMADO,1975-11-20,2018-06-18,49.99,49.99,M,43,4. 40 - 49,10,3. De 7 à 12 meses,NORTE,AM,22,1
1148791004,1,NAO INFORMADO,1974-01-19,2018-03-28,49.99,49.99,F,45,4. 40 - 49,13,3. De 7 à 12 meses,NORDESTE,BA,23,0
1148672839,1,NAO INFORMADO,1962-05-09,2018-03-27,64.99,64.99,M,56,5. 50 - 59,13,3. De 7 à 12 meses,NORDESTE,SE,9,0
1148361999,21,NAO INFORMADO,1970-10-23,2018-03-23,49.99,49.99,F,48,4. 40 - 49,13,3. De 7 à 12 meses,SUDESTE,SP,9,1
1158187598,21,NAO INFORMADO,1960-11-22,2018-06-15,34.99,34.99,M,58,5. 50 - 59,10,3. De 7 à 12 meses,NORTE,AM,13,1
1151010133,6,NAO INFORMADO,1978-10-19,2018-04-16,49.99,49.99,F,40,4. 40 - 49,12,3. De 7 à 12 meses,CENTRO_OESTE,MT,18,1
1147436131,1,NAO INFORMADO,1979-01-19,2018-03-15,49.99,49.99,M,40,4. 40 - 49,13,3. De 7 à 12 meses,SUDESTE,MG,15,1
1153432135,17,NAO INFORMADO,1996-12-03,2018-05-07,49.99,49.99,M,22,1. 18 - 24,11,3. De 7 à 12 meses,NORDESTE,CE,10,0
1152492329,1,NAO INFORMADO,1992-09-02,2018-04-28,49.99,49.99,M,26,2. 25 - 29,12,3. De 7 à 12 meses,NORTE,PA,29,0
1159042833,26,NAO INFORMADO,1963-03-12,2018-06-23,34.99,34.99,M,56,5. 50 - 59,10,3. De 7 à 12 meses,NORDESTE,MA,2,1
1149021588,26,NAO INFORMADO,1989-12-06,2018-03-29,35.99,35.99,M,29,3. 30 - 39,13,3. De 7 à 12 meses,NORTE,PA,34,0
1152236599,6,NAO INFORMADO,1989-10-07,2018-04-26,35.99,35.99,M,29,3. 30 - 39,12,3. De 7 à 12 meses,NORDESTE,PB,11,1
1147560602,17,NAO INFORMADO,1961-05-02,2018-03-16,49.99,49.99,M,57,5. 50 - 59,13,3. De 7 à 12 meses,SUDESTE,MG,41,0
1151610731,21,NAO INFORMADO,1986-05-01,2018-04-21,35.99,35.99,M,32,3. 30 - 39,12,3. De 7 à 12 meses,NORTE,PA,16,0
1148120127,26,NAO INFORMADO,1965-02-02,2018-03-22,49.99,49.99,F,54,5. 50 - 59,13,3. De 7 à 12 meses,SUDESTE,RJ,3,1
1152602464,26,NAO INFORMADO,1982-04-29,2018-04-30,35.99,35.99,M,36,3. 30 - 39,12,3. De 7 à 12 meses,CENTRO_OESTE,MT,32,0
1154979038,1,NAO INFORMADO,1969-12-25,2018-05-17,59.99,59.99,M,49,5. 50 - 59,11,3. De 7 à 12 meses,NORTE,RR,2,0
1148068991,17,NAO INFORMADO,1970-04-26,2018-03-21,49.99,49.99,F,48,4. 40 - 49,13,3. De 7 à 12 meses,SUDESTE,MG,2,1
1148644628,26,NAO INFORMADO,1977-02-28,2018-03-26,46.99,46.99,M,42,4. 40 - 49,13,3. De 7 à 12 meses,NORDESTE,PE,33,0
1148471260,26,NAO INFORMADO,1953-07-28,2018-03-24,35.99,35.99,M,65,6. 60 - 69,13,3. De 7 à 12 meses,CENTRO_OESTE,DF,22,1
1148637302,17,NAO INFORMADO,1986-01-25,2018-03-26,64.99,64.99,M,33,3. 30 - 39,13,3. De 7 à 12 meses,NORTE,PA,36,1
1148867889,26,NAO INFORMADO,1972-07-09,2018-03-28,49.99,49.99,F,46,4. 40 - 49,13,3. De 7 à 12 meses,CENTRO_OESTE,MT,12,1
1148578801,21,NAO INFORMADO,1984-11-30,2018-03-26,49.99,49.99,M,34,3. 30 - 39,13,3. De 7 à 12 meses,SUL,PR,25,0
1169033357,6,NAO INFORMADO,1959-08-15,2018-09-11,49.99,49.99,M,59,6. 60 - 69,7,2. De 4 à 6 meses,NORDESTE,MA,5,1
1148786529,6,NAO INFORMADO,1976-04-15,2018-03-28,35.99,35.99,M,42,4. 40 - 49,13,3. De 7 à 12 meses,SUDESTE,RJ,20,1
1159635289,17,NAO INFORMADO,1958-04-13,2018-06-28,34.99,34.99,M,61,6. 60 - 69,10,3. De 7 à 12 meses,NORTE,AP,5,0
1148087756,17,NAO INFORMADO,1969-11-29,2018-03-21,35.99,35.99,M,49,5. 50 - 59,13,3. De 7 à 12 meses,CENTRO_OESTE,MT,27,1
1154391467,26,NAO INFORMADO,1975-10-11,2018-05-12,35.99,35.99,M,43,4. 40 - 49,11,3. De 7 à 12 meses,NORTE,PA,9,1
1152923981,26,NAO INFORMADO,1980-12-06,2018-05-02,64.99,64.99,M,38,3. 30 - 39,11,3. De 7 à 12 meses,CENTRO_OESTE,MT,6,1
1147978350,10,NAO INFORMADO,1956-02-05,2018-03-20,49.99,49.99,M,63,6. 60 - 69,13,3. De 7 à 12 meses,NORDESTE,AL,34,0
1153337598,6,NAO INFORMADO,1981-04-04,2018-05-05,64.99,64.99,M,38,3. 30 - 39,11,3. De 7 à 12 meses,NORDESTE,MA,21,0
1158187163,1,NAO INFORMADO,1986-05-19,2018-06-15,35.99,35.99,M,32,3. 30 - 39,10,3. De 7 à 12 meses,NORDESTE,MA,41,0
1148088363,21,NAO INFORMADO,1998-12-03,2018-03-21,49.99,49.99,M,20,1. 18 - 24,13,3. De 7 à 12 meses,NORDESTE,MA,13,1
1153052822,17,NAO INFORMADO,1994-09-03,2018-05-03,35.99,35.99,M,24,2. 25 - 29,11,3. De 7 à 12 meses,NORTE,TO,19,1
1158944530,6,NAO INFORMADO,1984-06-07,2018-06-22,34.99,34.99,F,34,3. 30 - 39,10,3. De 7 à 12 meses,NORTE,PA,3,1
1167122196,6,NAO INFORMADO,1974-01-15,2018-08-27,49.99,49.99,F,45,4. 40 - 49,8,2. De 4 à 6 meses,NORTE,RR,6,0
1153334772,6,NAO INFORMADO,1977-05-25,2018-05-05,35.99,35.99,M,41,4. 40 - 49,11,3. De 7 à 12 meses,NORTE,PA,43,0
1147872878,21,NAO INFORMADO,1982-05-27,2018-03-20,49.99,49.99,M,36,3. 30 - 39,13,3. De 7 à 12 meses,SUDESTE,ES,22,0
1155353723,6,NAO INFORMADO,1978-12-26,2018-05-21,61.98,61.98,F,40,4. 40 - 49,11,3. De 7 à 12 meses,NORDESTE,MA,37,0
1150458774,17,NAO INFORMADO,1976-03-08,2018-04-11,49.99,49.99,M,43,4. 40 - 49,12,3. De 7 à 12 meses,CENTRO_OESTE,MT,28,0
1148148527,6,NAO INFORMADO,1975-08-29,2018-03-22,64.99,64.99,F,43,4. 40 - 49,13,3. De 7 à 12 meses,CENTRO_OESTE,MT,9,1
1153943846,17,NAO INFORMADO,1997-12-23,2018-05-09,64.99,64.99,F,21,1. 18 - 24,11,3. De 7 à 12 meses,NORTE,AM,22,0
1151008409,1,NAO INFORMADO,1980-04-02,2018-04-16,35.99,35.99,M,39,3. 30 - 39,12,3. De 7 à 12 meses,CENTRO_OESTE,MT,5,1
1148675408,6,NAO INFORMADO,1960-11-22,2018-03-27,35.99,35.99,M,58,5. 50 - 59,13,3. De 7 à 12 meses,CENTRO_OESTE,GO,4,1
1153799388,6,NAO INFORMADO,1965-09-08,2018-05-08,64.99,64.99,F,53,5. 50 - 59,11,3. De 7 à 12 meses,NORTE,AM,23,1
1151190519,26,NAO INFORMADO,1986-03-02,2018-04-18,49.99,49.99,M,33,3. 30 - 39,12,3. De 7 à 12 meses,NORTE,AM,4,1
1150536936,6,NAO INFORMADO,1976-07-24,2018-04-12,35.99,35.99,F,42,4. 40 - 49,12,3. De 7 à 12 meses,NORTE,PA,20,0
1149740950,17,NAO INFORMADO,1990-09-18,2018-04-05,35.99,35.99,F,28,2. 25 - 29,12,3. De 7 à 12 meses,NORTE,PA,3,1
1154106357,26,NAO INFORMADO,2000-01-01,2018-05-10,49.99,49.99,M,19,1. 18 - 24,11,3. De 7 à 12 meses,NORTE,PA,36,0
1148342833,1,NAO INFORMADO,1952-01-26,2018-03-23,64.99,64.99,M,67,6. 60 - 69,13,3. De 7 à 12 meses,CENTRO_OESTE,GO,4,1
1153801688,17,NAO INFORMADO,1964-01-09,2018-05-08,64.99,64.99,F,55,5. 50 - 59,11,3. De 7 à 12 meses,CENTRO_OESTE,MT,37,1
1152386935,17,NAO INFORMADO,1989-09-27,2018-04-27,35.99,35.99,M,29,3. 30 - 39,12,3. De 7 à 12 meses,NORTE,RR,1,1
1156525063,6,NAO INFORMADO,1980-06-18,2018-06-01,35.99,35.99,M,38,3. 30 - 39,10,3. De 7 à 12 meses,NORTE,PA,15,0
1150341768,17,NAO INFORMADO,1964-11-02,2018-04-10,35.99,35.99,F,54,5. 50 - 59,12,3. De 7 à 12 meses,CENTRO_OESTE,GO,27,0
1154269854,17,NAO INFORMADO,1997-08-15,2018-05-11,64.99,64.99,M,21,1. 18 - 24,11,3. De 7 à 12 meses,CENTRO_OESTE,MT,4,1
1154393620,17,NAO INFORMADO,1960-08-02,2018-05-12,49.99,49.99,M,58,5. 50 - 59,11,3. De 7 à 12 meses,CENTRO_OESTE,MS,22,1
1154862042,17,NAO INFORMADO,1955-02-08,2018-05-16,35.99,35.99,M,64,6. 60 - 69,11,3. De 7 à 12 meses,NORTE,RR,2,1
1149339523,6,NAO INFORMADO,1956-09-06,2018-04-02,64.99,64.99,M,62,6. 60 - 69,12,3. De 7 à 12 meses,NORTE,AM,5,1
1154861625,17,NAO INFORMADO,1957-05-04,2018-05-16,49.99,49.99,M,61,6. 60 - 69,11,3. De 7 à 12 meses,NORTE,PA,22,0
1153798293,17,NAO INFORMADO,1982-09-14,2018-05-08,35.99,35.99,M,36,3. 30 - 39,11,3. De 7 à 12 meses,CENTRO_OESTE,MS,22,0
1147851418,26,NAO INFORMADO,1957-10-22,2018-03-19,35.99,35.99,F,61,6. 60 - 69,13,3. De 7 à 12 meses,NORTE,AM,6,1
1152100281,26,NAO INFORMADO,1962-05-21,2018-04-25,49.99,49.99,M,56,5. 50 - 59,12,3. De 7 à 12 meses,NORTE,PA,16,0
1148643376,26,NAO INFORMADO,1988-12-22,2018-03-26,64.99,64.99,F,30,3. 30 - 39,13,3. De 7 à 12 meses,NORTE,RO,36,0
1148149144,26,NAO INFORMADO,1988-07-04,2018-03-22,64.99,64.99,M,30,3. 30 - 39,13,3. De 7 à 12 meses,CENTRO_OESTE,GO,24,0
1148092238,26,NAO INFORMADO,1981-05-27,2018-03-21,49.99,49.99,F,37,3. 30 - 39,13,3. De 7 à 12 meses,CENTRO_OESTE,GO,3,0
1154273824,26,NAO INFORMADO,1997-04-07,2018-05-11,49.99,49.99,M,22,1. 18 - 24,11,3. De 7 à 12 meses,CENTRO_OESTE,GO,2,1
1155884225,26,NAO INFORMADO,1988-11-14,2018-05-25,49.99,49.99,M,30,3. 30 - 39,11,3. De 7 à 12 meses,NORTE,PA,6,1
1148343070,21,NAO INFORMADO,1960-01-14,2018-03-23,35.99,35.99,M,59,5. 50 - 59,13,3. De 7 à 12 meses,NORTE,AM,17,1
1147459446,21,NAO INFORMADO,1950-10-22,2018-03-15,49.99,49.99,M,68,6. 60 - 69,13,3. De 7 à 12 meses,NORTE,AM,12,0
1159369813,6,NAO INFORMADO,1974-07-10,2018-06-26,34.99,34.99,M,44,4. 40 - 49,10,3. De 7 à 12 meses,NORTE,PA,46,0
1147678987,17,NAO INFORMADO,1989-06-25,2018-03-17,64.99,64.99,M,29,3. 30 - 39,13,3. De 7 à 12 meses,CENTRO_OESTE,GO,24,0
1154860102,1,NAO INFORMADO,1994-02-08,2018-05-16,49.99,49.99,M,25,2. 25 - 29,11,3. De 7 à 12 meses,CENTRO_OESTE,GO,39,0
1149014964,6,NAO INFORMADO,1970-04-12,2018-03-29,35.99,35.99,F,49,4. 40 - 49,13,3. De 7 à 12 meses,CENTRO_OESTE,DF,25,0
1155089027,6,NAO INFORMADO,1984-11-23,2018-05-18,49.99,49.99,M,34,3. 30 - 39,11,3. De 7 à 12 meses,CENTRO_OESTE,GO,5,1
1148863225,17,NAO INFORMADO,1992-08-25,2018-03-28,49.99,49.99,M,26,2. 25 - 29,13,3. De 7 à 12 meses,NORTE,AM,6,1
1147447696,26,NAO INFORMADO,1978-10-29,2018-03-15,64.99,64.99,M,40,4. 40 - 49,13,3. De 7 à 12 meses,NORDESTE,BA,37,0
1159637454,6,NAO INFORMADO,1960-12-22,2018-06-28,49.99,49.99,M,58,5. 50 - 59,10,3. De 7 à 12 meses,CENTRO_OESTE,GO,3,0
1148279958,1,NAO INFORMADO,1976-05-08,2018-03-23,35.99,35.99,M,42,4. 40 - 49,13,3. De 7 à 12 meses,SUDESTE,MG,24,1
1148632324,21,NAO INFORMADO,1959-06-28,2018-03-26,35.99,35.99,M,59,6. 60 - 69,13,3. De 7 à 12 meses,NORDESTE,SE,16,1
1148004356,21,NAO INFORMADO,1991-05-03,2018-03-21,64.99,64.99,F,27,2. 25 - 29,13,3. De 7 à 12 meses,NORDESTE,BA,34,0
1153430695,26,NAO INFORMADO,1966-10-15,2018-05-07,35.99,35.99,M,52,5. 50 - 59,11,3. De 7 à 12 meses,NORTE,RO,9,1
1148629791,26,NAO INFORMADO,1968-06-29,2018-03-26,35.99,35.99,M,50,5. 50 - 59,13,3. De 7 à 12 meses,NORDESTE,BA,34,0
1157975407,26,NAO INFORMADO,1977-05-15,2018-06-13,59.99,59.99,M,41,4. 40 - 49,10,3. De 7 à 12 meses,NORTE,PA,43,0
1155512915,1,NAO INFORMADO,1951-12-06,2018-05-22,35.99,35.99,M,67,6. 60 - 69,11,3. De 7 à 12 meses,NORTE,RO,31,0
1155605019,26,NAO INFORMADO,1976-10-26,2018-05-23,64.99,64.99,M,42,4. 40 - 49,11,3. De 7 à 12 meses,NORTE,TO,15,1
1149102580,17,NAO INFORMADO,1988-05-17,2018-03-31,64.99,64.99,M,30,3. 30 - 39,13,3. De 7 à 12 meses,SUL,PR,5,1
1148284102,6,NAO INFORMADO,1983-04-21,2018-03-23,35.99,35.99,M,35,3. 30 - 39,13,3. De 7 à 12 meses,SUDESTE,MG,33,0
1153947199,17,NAO INFORMADO,1992-05-06,2018-05-09,35.99,35.99,F,26,2. 25 - 29,11,3. De 7 à 12 meses,NORTE,PA,33,0
1148092960,21,NAO INFORMADO,1975-01-07,2018-03-21,35.99,35.99,M,44,4. 40 - 49,13,3. De 7 à 12 meses,CENTRO_OESTE,MS,14,1
1148866411,6,NAO INFORMADO,1957-11-18,2018-03-28,35.99,35.99,M,61,6. 60 - 69,13,3. De 7 à 12 meses,CENTRO_OESTE,GO,14,1
1148649178,17,NAO INFORMADO,1988-08-31,2018-03-27,49.99,49.99,F,30,3. 30 - 39,13,3. De 7 à 12 meses,SUL,PR,23,0
1148655246,26,NAO INFORMADO,1960-10-05,2018-03-27,49.99,49.99,M,58,5. 50 - 59,13,3. De 7 à 12 meses,SUDESTE,MG,1,0
1150075207,6,NAO INFORMADO,1975-12-10,2018-04-08,64.99,64.99,M,43,4. 40 - 49,12,3. De 7 à 12 meses,NORTE,PA,9,1
1147577570,26,NAO INFORMADO,1969-09-07,2018-03-16,49.99,49.99,F,49,5. 50 - 59,13,3. De 7 à 12 meses,SUDESTE,SP,1,1
1148176487,26,NAO INFORMADO,1999-10-22,2018-03-22,35.99,35.99,I,19,1. 18 - 24,13,3. De 7 à 12 meses,NORDESTE,SE,13,1
1147671096,6,NAO INFORMADO,1979-12-05,2018-03-17,64.99,64.99,M,39,4. 40 - 49,13,3. De 7 à 12 meses,SUDESTE,MG,32,0
1157030850,6,NAO INFORMADO,1968-07-20,2018-06-06,49.99,49.99,M,50,5. 50 - 59,10,3. De 7 à 12 meses,CENTRO_OESTE,MS,13,1
1155950667,6,NAO INFORMADO,1969-10-23,2018-05-26,64.99,64.99,M,49,5. 50 - 59,11,3. De 7 à 12 meses,NORTE,AM,11,0
1148460053,17,NAO INFORMADO,1980-04-23,2018-03-24,35.99,35.99,M,38,3. 30 - 39,13,3. De 7 à 12 meses,SUDESTE,MG,43,0
1166380767,1,SOLTEIRO,1974-11-14,2018-08-20,64.99,64.99,F,44,4. 40 - 49,8,3. De 7 à 12 meses,SUDESTE,SP,1,0
1153793671,21,NAO INFORMADO,2000-03-26,2018-05-08,49.99,49.99,M,19,1. 18 - 24,11,3. De 7 à 12 meses,CENTRO_OESTE,MS,1,1
1147984488,26,NAO INFORMADO,1983-08-30,2018-03-20,49.99,49.99,F,35,3. 30 - 39,13,3. De 7 à 12 meses,SUDESTE,SP,17,0
1147287707,10,NAO INFORMADO,1982-12-23,2018-03-14,49.99,49.99,F,36,3. 30 - 39,13,3. De 7 à 12 meses,CENTRO_OESTE,DF,25,0
1148284045,17,NAO INFORMADO,1961-12-19,2018-03-23,49.99,49.99,M,57,5. 50 - 59,13,3. De 7 à 12 meses,SUDESTE,MG,39,0
1148258953,17,NAO INFORMADO,1962-10-27,2018-03-23,35.99,35.99,M,56,5. 50 - 59,13,3. De 7 à 12 meses,SUDESTE,RJ,2,1
1147985217,26,NAO INFORMADO,1972-01-17,2018-03-20,49.99,49.99,F,47,4. 40 - 49,13,3. De 7 à 12 meses,SUDESTE,SP,1,1
1147859966,26,NAO INFORMADO,1982-11-19,2018-03-20,49.99,49.99,M,36,3. 30 - 39,13,3. De 7 à 12 meses,NORDESTE,BA,29,0
1147289463,17,NAO INFORMADO,1979-09-18,2018-03-14,64.99,64.99,M,39,4. 40 - 49,13,3. De 7 à 12 meses,CENTRO_OESTE,MT,41,0
1155882790,6,NAO INFORMADO,1976-01-01,2018-05-25,49.99,49.99,M,43,4. 40 - 49,11,3. De 7 à 12 meses,NORTE,RO,35,1
1147671179,26,NAO INFORMADO,1988-11-30,2018-03-17,49.99,49.99,F,30,3. 30 - 39,13,3. De 7 à 12 meses,SUDESTE,MG,35,0
1167069659,6,NAO INFORMADO,1981-02-22,2018-08-26,64.99,64.99,M,38,3. 30 - 39,8,2. De 4 à 6 meses,CENTRO_OESTE,GO,5,1
1155446547,17,NAO INFORMADO,1973-02-12,2018-05-22,49.99,49.99,M,46,4. 40 - 49,11,3. De 7 à 12 meses,NORDESTE,CE,8,1
1148594407,21,NAO INFORMADO,1981-07-18,2018-03-26,35.99,35.99,M,37,3. 30 - 39,13,3. De 7 à 12 meses,SUDESTE,MG,10,0
1157668520,6,NAO INFORMADO,1973-04-28,2018-06-11,64.99,64.99,M,45,4. 40 - 49,10,3. De 7 à 12 meses,CENTRO_OESTE,MS,13,1
1148791460,1,NAO INFORMADO,1975-10-16,2018-03-28,64.99,64.99,M,43,4. 40 - 49,13,3. De 7 à 12 meses,NORDESTE,BA,11,1
1153052854,6,NAO INFORMADO,1987-11-27,2018-05-03,49.99,49.99,M,31,3. 30 - 39,11,3. De 7 à 12 meses,NORTE,AP,36,0
1148065381,17,NAO INFORMADO,1991-06-23,2018-03-21,49.99,49.99,M,27,2. 25 - 29,13,3. De 7 à 12 meses,SUDESTE,MG,1,1
1153794543,17,NAO INFORMADO,1983-10-20,2018-05-08,59.99,59.99,M,35,3. 30 - 39,11,3. De 7 à 12 meses,CENTRO_OESTE,MT,5,1
1148784126,6,NAO INFORMADO,1988-02-23,2018-03-28,49.99,49.99,M,31,3. 30 - 39,13,3. De 7 à 12 meses,SUDESTE,RJ,20,0
1148869737,6,NAO INFORMADO,1964-06-30,2018-03-28,49.99,49.99,M,54,5. 50 - 59,13,3. De 7 à 12 meses,SUDESTE,MG,37,0
1147436827,26,NAO INFORMADO,1963-10-15,2018-03-15,35.99,35.99,M,55,5. 50 - 59,13,3. De 7 à 12 meses,SUL,SC,10,1
1152928002,6,NAO INFORMADO,1978-03-31,2018-05-02,64.99,64.99,M,41,4. 40 - 49,11,3. De 7 à 12 meses,NORTE,RO,3,1
1158746160,26,NAO INFORMADO,1999-09-07,2018-06-20,35.99,35.99,M,19,1. 18 - 24,10,3. De 7 à 12 meses,NORDESTE,MA,17,1
1148119247,17,NAO INFORMADO,2000-03-11,2018-03-22,49.99,49.99,F,19,1. 18 - 24,13,3. De 7 à 12 meses,SUDESTE,ES,15,0
1151610632,6,NAO INFORMADO,1975-03-31,2018-04-21,64.99,64.99,F,44,4. 40 - 49,12,3. De 7 à 12 meses,CENTRO_OESTE,DF,2,1
1148113640,26,NAO INFORMADO,1975-09-04,2018-03-22,49.99,49.99,M,43,4. 40 - 49,13,3. De 7 à 12 meses,NORDESTE,CE,5,0
1149449315,6,NAO INFORMADO,1969-08-17,2018-04-03,49.99,49.99,M,49,5. 50 - 59,12,3. De 7 à 12 meses,NORTE,AM,11,0
1154109539,26,NAO INFORMADO,1977-06-30,2018-05-10,49.99,49.99,M,41,4. 40 - 49,11,3. De 7 à 12 meses,NORTE,AM,1,1
1157188091,26,NAO INFORMADO,1984-02-08,2018-06-07,35.99,35.99,M,35,3. 30 - 39,10,3. De 7 à 12 meses,NORTE,AM,24,1
1159044009,1,NAO INFORMADO,1964-04-23,2018-06-23,64.99,64.99,M,54,5. 50 - 59,10,3. De 7 à 12 meses,NORTE,AM,12,1
1156029092,1,SOLTEIRO,1956-06-14,2018-05-28,35.99,35.99,M,62,6. 60 - 69,11,3. De 7 à 12 meses,NORTE,AM,31,0
1149083010,26,NAO INFORMADO,1987-04-25,2018-03-30,35.99,35.99,F,31,3. 30 - 39,13,3. De 7 à 12 meses,CENTRO_OESTE,DF,23,0
1148091603,26,NAO INFORMADO,1981-01-30,2018-03-21,49.99,49.99,M,38,3. 30 - 39,13,3. De 7 à 12 meses,CENTRO_OESTE,MT,7,1
1154270792,1,NAO INFORMADO,1981-04-18,2018-05-11,35.99,35.99,M,37,3. 30 - 39,11,3. De 7 à 12 meses,NORTE,AM,32,1
1147995926,26,NAO INFORMADO,1972-02-15,2018-03-21,35.99,35.99,F,47,4. 40 - 49,13,3. De 7 à 12 meses,SUL,PR,3,0
1158081655,21,NAO INFORMADO,1981-02-23,2018-06-14,49.99,49.99,M,38,3. 30 - 39,10,3. De 7 à 12 meses,CENTRO_OESTE,MT,29,1
1148259603,6,NAO INFORMADO,1960-02-09,2018-03-23,49.99,49.99,M,59,5. 50 - 59,13,3. De 7 à 12 meses,SUDESTE,RJ,3,0
1151007607,6,NAO INFORMADO,1952-04-27,2018-04-16,49.99,49.99,M,66,6. 60 - 69,12,3. De 7 à 12 meses,CENTRO_OESTE,MT,10,1
1158439550,26,NAO INFORMADO,1992-02-20,2018-06-18,55.32,55.32,M,27,2. 25 - 29,10,3. De 7 à 12 meses,CENTRO_OESTE,GO,11,1
